{"Epoch": 12, "Valid Loss": 0.8050026893615723, "Valid Acc": 0.7723214285714286, "Elapsed time": 378.70309019088745, "_timestamp": 1718244769.0794728, "_runtime": 387.2847547531128, "_step": 89, "train_loss_step": 0.8871983885765076, "train_acc_step": 0.59375, "epoch": 13, "trainer/global_step": 715, "valid_loss_step": 0.6508252024650574, "valid_acc_step": 0.8571428571428571, "valid_loss_epoch": 0.8152812123298645, "valid_acc_epoch": 0.7666666666666667, "valid_loss": 0.8050026893615723, "valid_acc": 0.7723214285714286, "train_loss_epoch": 0.8809127807617188, "train_acc_epoch": 0.7280600461893765, "test_loss_step": 1.63576340675354, "test_acc_step": 0.6875, "test_confusion_matrix_table": {"_type": "table-file", "sha256": "0c612a9bcb3e86b70f94454a839497ee075bc0f7a1b05094ed7dbce3d9a9402d", "size": 39782, "artifact_path": "wandb-client-artifact://zzls78ctpmvkkpwcc5tu0ybypflshlrrvwgzi09zmc80r6bsi97xwv971g182ccdy9vwuefewx9xxv7nmyzb7ci2f0fjvwvjzyei60e9tcr83g1ric0fohq1ic3q853w:latest/test_confusion_matrix_table.table.json", "_latest_artifact_path": "wandb-client-artifact://zzls78ctpmvkkpwcc5tu0ybypflshlrrvwgzi09zmc80r6bsi97xwv971g182ccdy9vwuefewx9xxv7nmyzb7ci2f0fjvwvjzyei60e9tcr83g1ric0fohq1ic3q853w:latest/test_confusion_matrix_table.table.json", "path": "media/table/test_confusion_matrix_table_88_0c612a9bcb3e86b70f94.table.json", "ncols": 3, "nrows": 900}, "test_loss_epoch": 0.7926711440086365, "test_acc_epoch": 0.7708333333333334, "test_loss": 0.8453643918037415, "test_acc": 0.765625}