{"Epoch": 10, "Valid Loss": 0.7454443573951721, "Valid Acc": 0.7333333333333333, "Elapsed time": 119.61086392402649, "_timestamp": 1718243409.060906, "_runtime": 127.74507188796997, "_step": 53, "valid_loss_step": 0.7454443573951721, "valid_acc_step": 0.7333333333333333, "trainer/global_step": 209, "valid_loss_epoch": 0.7454443573951721, "valid_acc_epoch": 0.7333333333333333, "valid_loss": 0.7454443573951721, "valid_acc": 0.7333333333333333, "epoch": 11, "train_loss_epoch": 0.994557797908783, "train_acc_epoch": 0.696763202725724, "train_loss_step": 0.8292936682701111, "train_acc_step": 0.71875, "test_loss_step": 1.0124080181121826, "test_acc_step": 0.7307692307692308, "test_confusion_matrix_table": {"_type": "table-file", "sha256": "0d2240b79a132915e4b31aeed6201b325ba5aa8b22fa7679b7d983824dba1516", "size": 39782, "artifact_path": "wandb-client-artifact://lsqiyz7xwlio2os3ttw2jtn9wgei46fwy87lmk0fqdr4i9gwjji2azz4tpxju9xi9syihdurgohv917qag5sbtgx8jq5plowydgf0kncnhpf2wcyaxqgmimlgr2kc2ig:latest/test_confusion_matrix_table.table.json", "_latest_artifact_path": "wandb-client-artifact://lsqiyz7xwlio2os3ttw2jtn9wgei46fwy87lmk0fqdr4i9gwjji2azz4tpxju9xi9syihdurgohv917qag5sbtgx8jq5plowydgf0kncnhpf2wcyaxqgmimlgr2kc2ig:latest/test_confusion_matrix_table.table.json", "path": "media/table/test_confusion_matrix_table_52_0d2240b79a132915e4b3.table.json", "ncols": 3, "nrows": 900}, "test_loss_epoch": 1.0181868076324463, "test_acc_epoch": 0.7111111111111111, "test_loss": 1.0178256034851074, "test_acc": 0.7123397435897436}