{"Epoch": 9, "Valid Loss": 0.711525022983551, "Valid Acc": 0.7834821428571428, "Elapsed time": 220.90407991409302, "_timestamp": 1718240995.4190702, "_runtime": 228.15336918830872, "_step": 69, "train_loss_step": 0.4945710301399231, "train_acc_step": 0.75, "epoch": 9, "trainer/global_step": 7, "valid_loss_step": 0.6395232081413269, "valid_acc_step": 0.7857142857142857, "valid_loss_epoch": 0.7163251042366028, "valid_acc_epoch": 0.7833333333333333, "valid_loss": 0.711525022983551, "valid_acc": 0.7834821428571428, "train_loss_epoch": 0.9742155075073242, "train_acc_epoch": 0.7061200923787528, "test_loss_step": 1.0786159038543701, "test_acc_step": 0.5}