{"Epoch": 8, "Valid Loss": 0.9329528212547302, "Valid Acc": 0.7333333333333333, "Elapsed time": 119.91713237762451, "_timestamp": 1718245561.2269135, "_runtime": 128.16412544250488, "_step": 44, "valid_loss_step": 0.9329528212547302, "valid_acc_step": 0.7333333333333333, "trainer/global_step": 171, "valid_loss_epoch": 0.9329528212547302, "valid_acc_epoch": 0.7333333333333333, "valid_loss": 0.9329528212547302, "valid_acc": 0.7333333333333333, "epoch": 9, "train_loss_epoch": 1.0387459993362427, "train_acc_epoch": 0.676320272572402, "train_loss_step": 1.1486518383026123, "train_acc_step": 0.65625, "test_loss_step": 1.096848726272583, "test_acc_step": 0.7307692307692308, "test_confusion_matrix_table": {"_type": "table-file", "sha256": "ee5ec4303f47e2de175237f62d7f1e0df7bde41e6f9a100a883d49fac50f1a76", "size": 39782, "artifact_path": "wandb-client-artifact://skzqyg8evd74740jc7erxq92tuzdxivaoigwnd9rmdlze748jcpyejwt785raw7uws54ljkci7ubg2lkj2z2agrtg1o23eh1tqfrezv5l3uebctq5drrt5tbkrixmtor:latest/test_confusion_matrix_table.table.json", "_latest_artifact_path": "wandb-client-artifact://skzqyg8evd74740jc7erxq92tuzdxivaoigwnd9rmdlze748jcpyejwt785raw7uws54ljkci7ubg2lkj2z2agrtg1o23eh1tqfrezv5l3uebctq5drrt5tbkrixmtor:latest/test_confusion_matrix_table.table.json", "path": "media/table/test_confusion_matrix_table_43_ee5ec4303f47e2de1752.table.json", "ncols": 3, "nrows": 900}, "test_loss_epoch": 0.9933142066001892, "test_acc_epoch": 0.7444444444444445, "test_loss": 0.9997851252555847, "test_acc": 0.7435897435897436}