{"Epoch": 10, "Valid Loss": 1.015269160270691, "Valid Acc": 0.7333333333333333, "Elapsed time": 145.8763439655304, "_timestamp": 1718249947.8764195, "_runtime": 154.44213962554932, "_step": 53, "valid_loss_step": 1.015269160270691, "valid_acc_step": 0.7333333333333333, "trainer/global_step": 209, "valid_loss_epoch": 1.015269160270691, "valid_acc_epoch": 0.7333333333333333, "valid_loss": 1.015269160270691, "valid_acc": 0.7333333333333333, "epoch": 11, "train_loss_epoch": 1.1189274787902832, "train_acc_epoch": 0.6695059625212947, "train_loss_step": 0.9246035814285278, "train_acc_step": 0.75, "test_loss_step": 0.8780252933502197, "test_acc_step": 0.7307692307692308, "test_confusion_matrix_table": {"_type": "table-file", "sha256": "b87d257ba554deea66b99b3b00716e4497346ae548e583dabe591ceb7fa85d43", "size": 39782, "artifact_path": "wandb-client-artifact://8vnweyfjkyo3ahazmjqnnmvn91892bzokdrxhm1po91bfk8h394b58knj0e0m8i8gdy0kefjq9mw8uy97zjxhfzjhbju4o73rlr3sxqvc4cu1kvg02fvtzdi8onksvqv:latest/test_confusion_matrix_table.table.json", "_latest_artifact_path": "wandb-client-artifact://8vnweyfjkyo3ahazmjqnnmvn91892bzokdrxhm1po91bfk8h394b58knj0e0m8i8gdy0kefjq9mw8uy97zjxhfzjhbju4o73rlr3sxqvc4cu1kvg02fvtzdi8onksvqv:latest/test_confusion_matrix_table.table.json", "path": "media/table/test_confusion_matrix_table_52_b87d257ba554deea66b9.table.json", "ncols": 3, "nrows": 900}, "test_loss_epoch": 1.078464388847351, "test_acc_epoch": 0.6666666666666666, "test_loss": 1.0659369230270386, "test_acc": 0.6706730769230769}