{"Epoch": 18, "Valid Loss": 0.6193681955337524, "Valid Acc": 0.8325892857142857, "Elapsed time": 547.9822568893433, "_timestamp": 1718250637.5594394, "_runtime": 556.7686333656311, "_step": 125, "train_loss_step": 0.6443948149681091, "train_acc_step": 0.8125, "epoch": 19, "trainer/global_step": 1045, "valid_loss_step": 0.6130525469779968, "valid_acc_step": 0.8214285714285714, "valid_loss_epoch": 0.6197892427444458, "valid_acc_epoch": 0.8333333333333334, "valid_loss": 0.6193681955337524, "valid_acc": 0.8325892857142857, "train_loss_epoch": 0.7794981598854065, "train_acc_epoch": 0.7644341801385681, "test_loss_step": 1.0902297496795654, "test_acc_step": 0.625, "test_confusion_matrix_table": {"_type": "table-file", "sha256": "d5224559fcd5ce2fa7f6efa5144355935b5edb5963b93b733448dc096fe5d3d8", "size": 39782, "artifact_path": "wandb-client-artifact://id5hswep5q0ybzmv5wqa08p6k6kignwou4ptcuf2t5nfww9lqh6ofcwxke8wal6fe952vmo698ebpiq1f4vt1yir6800hizterh6gv0umrv0x1bmx14rt65cunzi99xe:latest/test_confusion_matrix_table.table.json", "_latest_artifact_path": "wandb-client-artifact://id5hswep5q0ybzmv5wqa08p6k6kignwou4ptcuf2t5nfww9lqh6ofcwxke8wal6fe952vmo698ebpiq1f4vt1yir6800hizterh6gv0umrv0x1bmx14rt65cunzi99xe:latest/test_confusion_matrix_table.table.json", "path": "media/table/test_confusion_matrix_table_124_d5224559fcd5ce2fa7f6.table.json", "ncols": 3, "nrows": 900}, "test_loss_epoch": 0.7149899005889893, "test_acc_epoch": 0.75, "test_loss": 0.7384424209594727, "test_acc": 0.7421875}