{"Epoch": 18, "Valid Loss": 0.8366565108299255, "Valid Acc": 0.7666666666666666, "Elapsed time": 197.09148406982422, "_timestamp": 1718243179.9746938, "_runtime": 845.7374377250671, "_step": 200, "valid_loss_step": 0.8366565108299255, "valid_acc_step": 0.7666666666666666, "trainer/global_step": 361, "valid_loss_epoch": 0.8366565108299255, "valid_acc_epoch": 0.7666666666666667, "valid_loss": 0.8366565108299255, "valid_acc": 0.7666666666666666, "epoch": 19, "train_loss_epoch": 0.8004079461097717, "train_acc_epoch": 0.75809199318569, "train_loss_step": 0.7820850014686584, "train_acc_step": 0.71875, "test_loss_step": 0.9627212882041931, "test_acc_step": 0.6923076923076923, "test_confusion_matrix_table": {"_type": "table-file", "sha256": "e82de33c1f978746b82ad767074a12111c8e15cd6c1217055fe97f6e7ef4bc19", "size": 39782, "artifact_path": "wandb-client-artifact://l1z9r4pob5w0ywdr86wrlander6cag2n69eeehwm8jg0ta72y5rnn4rdlzwui4hvczbhbf24ba0hl70w9rpanyzho5ngv67crl9klcv44qn37zsmw6ipluozkrgs1nje:latest/test_confusion_matrix_table.table.json", "_latest_artifact_path": "wandb-client-artifact://l1z9r4pob5w0ywdr86wrlander6cag2n69eeehwm8jg0ta72y5rnn4rdlzwui4hvczbhbf24ba0hl70w9rpanyzho5ngv67crl9klcv44qn37zsmw6ipluozkrgs1nje:latest/test_confusion_matrix_table.table.json", "path": "media/table/test_confusion_matrix_table_199_e82de33c1f978746b82a.table.json", "ncols": 3, "nrows": 900}, "test_loss_epoch": 0.9260559678077698, "test_acc_epoch": 0.7333333333333333, "test_loss": 0.9283475875854492, "test_acc": 0.7307692307692308}