{"train_loss_step": 0.9114101529121399, "train_acc_step": 0.6875, "epoch": 0, "trainer/global_step": 10, "_timestamp": 1718237878.5370967, "_runtime": 1241.713461637497, "_step": 213, "valid_loss_step": 0.49949273467063904, "valid_acc_step": 0.8571428571428571, "valid_loss_epoch": 0.6757402420043945, "valid_acc_epoch": 0.8333333333333334, "valid_loss": 0.6647247672080994, "valid_acc": 0.8348214285714286, "train_loss_epoch": 0.8344125151634216, "train_acc_epoch": 0.745958429561201, "test_loss_step": 3.371411085128784, "test_acc_step": 0.125, "test_loss_epoch": 3.080059051513672, "test_acc_epoch": 0.19583333333333333, "test_loss": 3.098268508911133, "test_acc": 0.19140625}