{"Epoch": 9, "Valid Loss": 0.7413105964660645, "Valid Acc": 0.7834821428571428, "Elapsed time": 225.02694630622864, "_timestamp": 1718240563.7128484, "_runtime": 232.38210248947144, "_step": 69, "train_loss_step": 1.6824828386306763, "train_acc_step": 0.75, "epoch": 9, "trainer/global_step": 7, "valid_loss_step": 0.744709312915802, "valid_acc_step": 0.7857142857142857, "valid_loss_epoch": 0.7410839796066284, "valid_acc_epoch": 0.7833333333333333, "valid_loss": 0.7413105964660645, "valid_acc": 0.7834821428571428, "train_loss_epoch": 0.9342240691184998, "train_acc_epoch": 0.7165127020785219, "test_loss_step": 0.5695430636405945, "test_acc_step": 0.75}