{"Epoch": 11, "Valid Loss": 0.6598755717277527, "Valid Acc": 0.8370535714285714, "Elapsed time": 347.2231993675232, "_timestamp": 1718245274.0420291, "_runtime": 356.1112742424011, "_step": 83, "train_loss_step": 1.1088604927062988, "train_acc_step": 0.625, "epoch": 12, "trainer/global_step": 660, "valid_loss_step": 0.4500710666179657, "valid_acc_step": 0.8928571428571428, "valid_loss_epoch": 0.6738625764846802, "valid_acc_epoch": 0.8333333333333334, "valid_loss": 0.6598755717277527, "valid_acc": 0.8370535714285714, "train_loss_epoch": 0.9191661477088928, "train_acc_epoch": 0.7193995381062356, "test_loss_step": 0.9532825350761414, "test_acc_step": 0.8125, "test_confusion_matrix_table": {"_type": "table-file", "sha256": "930395523f7d3ed4315ec65ab713ac706054012b16537aa1f5963c84c60378cb", "size": 39782, "artifact_path": "wandb-client-artifact://acp6rrwdwhqz293voqwtfg24cabdvuq6rft1qfql0w0bvv8cvfdenlgi32y16v1fe17bnin68ax2jfh3e1xrjh53iiie4t969plu50dyn0yuo1ysgv59k8uxyb596nhb:latest/test_confusion_matrix_table.table.json", "_latest_artifact_path": "wandb-client-artifact://acp6rrwdwhqz293voqwtfg24cabdvuq6rft1qfql0w0bvv8cvfdenlgi32y16v1fe17bnin68ax2jfh3e1xrjh53iiie4t969plu50dyn0yuo1ysgv59k8uxyb596nhb:latest/test_confusion_matrix_table.table.json", "path": "media/table/test_confusion_matrix_table_82_930395523f7d3ed4315e.table.json", "ncols": 3, "nrows": 900}, "test_loss_epoch": 0.7273510098457336, "test_acc_epoch": 0.7916666666666666, "test_loss": 0.7414717078208923, "test_acc": 0.79296875}