{"train_loss_step": 1.0172724723815918, "train_acc_step": 0.75, "epoch": 30, "trainer/global_step": 1650, "_timestamp": 1718238616.0292213, "_runtime": 663.5094923973083, "_step": 161, "valid_loss_step": 0.6640939712524414, "valid_acc_step": 0.7857142857142857, "valid_loss_epoch": 0.6410279870033264, "valid_acc_epoch": 0.8166666666666667, "valid_loss": 0.8155472874641418, "valid_acc": 0.7914026497695852, "train_loss_epoch": 0.7130019068717957, "train_acc_epoch": 0.7840646651270208, "test_loss_step": 0.8493876457214355, "test_acc_step": 0.75, "test_loss_epoch": 0.7051264643669128, "test_acc_epoch": 0.775, "test_loss": 0.7141427993774414, "test_acc": 0.7734375}