{"Epoch": 9, "Valid Loss": 0.6779606938362122, "Valid Acc": 0.8683035714285714, "Elapsed time": 223.07814574241638, "_timestamp": 1718241962.2817929, "_runtime": 231.78187894821167, "_step": 71, "train_loss_step": 1.8891983032226562, "train_acc_step": 0.75, "epoch": 10, "trainer/global_step": 550, "valid_loss_step": 0.5411778688430786, "valid_acc_step": 0.8928571428571428, "valid_loss_epoch": 0.6870795488357544, "valid_acc_epoch": 0.8666666666666667, "valid_loss": 0.6779606938362122, "valid_acc": 0.8683035714285714, "train_loss_epoch": 0.980213463306427, "train_acc_epoch": 0.703810623556582, "test_loss_step": 0.8639615178108215, "test_acc_step": 0.625, "test_confusion_matrix_table": {"_type": "table-file", "sha256": "974932900e98bc5e806e105845526593dcd6d71e0e72e6fa719403403b9114eb", "size": 39782, "artifact_path": "wandb-client-artifact://ph1kdgirphuv5srf6jgsjynsm7k6k8ywdy67ffuhyuk8ceda5fzr5f7sph7chml7m9kjee7pndsz5w4uw86dlruwtde0wgi5enbvwv46q05mgg3sqcu2biyfri8dewfk:latest/test_confusion_matrix_table.table.json", "_latest_artifact_path": "wandb-client-artifact://ph1kdgirphuv5srf6jgsjynsm7k6k8ywdy67ffuhyuk8ceda5fzr5f7sph7chml7m9kjee7pndsz5w4uw86dlruwtde0wgi5enbvwv46q05mgg3sqcu2biyfri8dewfk:latest/test_confusion_matrix_table.table.json", "path": "media/table/test_confusion_matrix_table_70_974932900e98bc5e806e.table.json", "ncols": 3, "nrows": 900}, "test_loss_epoch": 0.737928569316864, "test_acc_epoch": 0.8, "test_loss": 0.7458056211471558, "test_acc": 0.7890625}