{"valid_loss_step": 0.9055853486061096, "valid_acc_step": 0.7, "trainer/global_step": 247, "_timestamp": 1718235906.0765834, "_runtime": 143.51818943023682, "_step": 46, "valid_loss_epoch": 0.9055853486061096, "valid_acc_epoch": 0.7, "valid_loss": 0.9055853486061096, "valid_acc": 0.7, "epoch": 13, "train_loss_epoch": 0.981487512588501, "train_acc_epoch": 0.696763202725724, "train_loss_step": 0.9115967750549316, "train_acc_step": 0.625, "test_loss_step": 0.8881011605262756, "test_acc_step": 0.8076923076923077, "test_loss_epoch": 0.9933419823646545, "test_acc_epoch": 0.7111111111111111, "test_loss": 0.9867644309997559, "test_acc": 0.7171474358974358}