{"Epoch": 8, "Valid Loss": 0.6787618398666382, "Valid Acc": 0.8549107142857142, "Elapsed time": 201.39591312408447, "_timestamp": 1718241467.8743272, "_runtime": 209.8642761707306, "_step": 64, "train_loss_step": 0.8132861852645874, "train_acc_step": 0.8125, "epoch": 9, "trainer/global_step": 495, "valid_loss_step": 0.5182363390922546, "valid_acc_step": 0.9285714285714285, "valid_loss_epoch": 0.6894634962081909, "valid_acc_epoch": 0.85, "valid_loss": 0.6787618398666382, "valid_acc": 0.8549107142857142, "train_loss_epoch": 1.037092924118042, "train_acc_epoch": 0.687066974595843, "test_loss_step": 0.2687040865421295, "test_acc_step": 1.0, "test_confusion_matrix_table": {"_type": "table-file", "sha256": "74018df8b5a2473a9333d91e511643ec14a72687466af5bf0eaf0dbec30bfb60", "size": 39782, "artifact_path": "wandb-client-artifact://hqk3rb12fw8kmizqfuljmq2mu71fqi3ljuedyj4ft0wdl38xdcsgwvbjwfgi5t9fqn28pyo5o7134mr8u8hmg7x8tcbaczr7ng1s4jpxgd1i0picjztcoyngz4h930b5:latest/test_confusion_matrix_table.table.json", "_latest_artifact_path": "wandb-client-artifact://hqk3rb12fw8kmizqfuljmq2mu71fqi3ljuedyj4ft0wdl38xdcsgwvbjwfgi5t9fqn28pyo5o7134mr8u8hmg7x8tcbaczr7ng1s4jpxgd1i0picjztcoyngz4h930b5:latest/test_confusion_matrix_table.table.json", "path": "media/table/test_confusion_matrix_table_63_74018df8b5a2473a9333.table.json", "ncols": 3, "nrows": 900}, "test_loss_epoch": 0.8022579550743103, "test_acc_epoch": 0.7625, "test_loss": 0.7689108848571777, "test_acc": 0.77734375}